date,open,high,low,close
2020-01-02,74.37,77.98,74.37,77.0027
2020-01-03,77.1746,77.727,75.0055,75.0055
2020-01-06,76.7437,77.98,75.8222,77.98
2020-01-07,77.57,78.3164,76.98,78.3164
2020-01-08,74.78,78.88,74.78,76.1093
2020-01-09,79.3297,79.3297,77.4882,77.4882
2020-01-10,78.31,79.967,78.31,79.5042
2020-01-13,78.34,81.8428,77.8483,81.21
2020-01-14,80.734,81.6435,80.734,81.36
2020-01-15,81.5374,81.5374,78.994,78.994
2020-01-16,78.7812,81.43,78.7812,81.43
2020-01-17,80.2474,80.95,80.0576,80.0576
2020-01-21,79.4293,81.833,79.4293,81.3965
2020-01-22,79.838,81.4028,79.838,81.212
2020-01-23,81.98,82.44,80.0634,80.0634
2020-01-24,83.2524,83.2524,80.5524,82.0459
2020-01-27,80.858,81.2535,76.96,77.5464
2020-01-28,81.94,81.94,78.5862,80.7555
2020-01-29,82.4424,83.9162,82.008,82.008
2020-01-30,81.6313,82.3754,79.8409,82.3754
2020-01-31,81.8167,81.8167,78.0394,78.0394
2020-02-03,77.405,81.2197,77.32,77.657
2020-02-04,81.2285,82.55,80.6996,81.8588
2020-02-05,84.19,84.72,80.5089,80.5089
2020-02-06,80.743,85.222,80.743,82.8258
2020-02-07,83.5266,84.59,80.512,80.512
2020-02-10,81.673,83.8486,81.673,83.8486
2020-02-11,84.0,84.0,80.8504,82.9097
2020-02-12,81.0764,83.8485,81.0764,83.4
2020-02-13,82.2257,84.1627,80.9051,84.1627
2020-02-14,84.073,85.277,80.7329,82.497
2020-02-18,81.74,82.54,81.5774,82.54
2020-02-19,81.0,84.346,81.0,84.346
2020-02-20,81.9477,84.7607,81.6673,82.295
2020-02-21,79.785,82.6238,79.785,81.1313
2020-02-24,75.785,76.421,73.5325,74.857
2020-02-25,77.8291,79.3587,73.4748,74.08
2020-02-26,74.616,76.5172,71.631,76.5172
2020-02-27,72.135,73.7,69.73,70.72
2020-02-28,66.677,70.7896,64.9896,69.06
2020-03-02,71.37,77.47,71.3,76.1328
2020-03-03,77.2849,79.0,71.6,73.32
2020-03-04,76.26,76.53,73.587,75.804
2020-03-05,74.02,75.845,74.02,74.42
2020-03-06,71.0,74.111,71.0,74.0483
2020-03-09,66.0512,71.6135,66.0512,67.8681
2020-03-10,71.057,74.015,69.8496,74.015
2020-03-11,70.2449,72.708,69.051,71.3322
2020-03-12,66.293,68.3,63.0,64.4006
2020-03-13,66.5613,72.389,63.5855,72.389
2020-03-16,60.5594,65.43,60.5594,62.2361
2020-03-17,63.9928,65.1508,61.3,64.933
2020-03-18,60.3147,63.6906,60.27,63.6906
2020-03-19,63.3328,65.22,62.8703,63.416
2020-03-20,64.575,64.6003,57.0,57.39
2020-03-23,59.79,59.79,54.7671,58.7012
2020-03-24,59.11,64.2075,59.11,62.13
2020-03-25,62.6907,67.6716,62.47,62.47
2020-03-26,62.82,65.65,62.82,65.41
2020-03-27,63.6687,64.1268,61.848,62.726
2020-03-30,64.234,64.42,63.11,63.8889
2020-03-31,65.1,67.7262,64.0,65.9621
2020-04-01,64.575,64.71,61.3498,61.3498
2020-04-02,60.884,63.4443,60.884,62.2403
2020-04-03,61.1,64.039,60.8353,60.8353
2020-04-06,65.401,67.3949,64.692,67.3949
2020-04-07,68.3,68.347,65.27,67.3607
2020-04-08,67.988,69.3702,66.6493,66.6493
2020-04-09,67.866,69.8725,67.866,68.3859
2020-04-13,68.9121,70.579,68.7986,69.8944
2020-04-14,70.0,74.9703,70.0,74.9703
2020-04-15,73.7,74.3547,71.6256,71.6256
2020-04-16,73.264,74.1136,73.264,73.4474
2020-04-17,73.9185,73.9185,71.683,72.4
2020-04-20,71.8789,71.8789,69.5677,69.9442
2020-04-21,71.23,71.23,68.6523,68.8287
2020-04-22,71.2934,71.43,69.305,69.305
2020-04-23,71.2222,72.808,70.7525,70.7525
2020-04-24,72.5,73.0237,70.34,71.3937
2020-04-27,71.13,73.4195,71.13,72.9097
2020-04-28,73.88,73.88,70.446,70.446
2020-04-29,72.1893,74.8395,71.3835,72.1098
2020-04-30,73.39,73.6838,72.4188,73.48
2020-05-01,72.3793,77.93,72.3793,74.7279
2020-05-04,74.8888,76.092,72.6016,73.75
2020-05-05,75.616,77.01,75.09,75.09
2020-05-06,77.347,79.57,76.1189,76.709
2020-05-07,77.539,77.539,75.6026,77.337
2020-05-08,79.19,79.19,76.5899,79.0865
2020-05-11,78.455,81.5673,78.455,81.0922
2020-05-12,81.6447,81.6447,78.9366,79.8626
2020-05-13,79.3132,79.449,77.1654,78.7296
2020-05-14,77.3639,78.8109,77.3639,78.568
2020-05-15,77.6666,78.9395,77.6666,78.9395
2020-05-18,81.1746,82.146,80.77,80.77
2020-05-19,79.2999,82.02,79.2472,81.028
2020-05-20,79.86,82.78,79.86,80.1185
2020-05-21,81.418,83.9307,79.9167,79.9167
2020-05-22,81.6194,83.6328,80.2821,81.852
2020-05-26,82.044,83.93,80.65,82.1558
2020-05-27,79.579,83.0747,79.579,80.3705
2020-05-28,82.1627,83.56,81.5303,82.1124
2020-05-29,79.8573,81.7993,79.8573,81.15
2020-06-01,80.8853,81.8263,80.5778,81.8263
2020-06-02,83.2046,84.31,80.3921,84.31
2020-06-03,81.864,84.76,81.864,84.76
2020-06-04,83.9228,83.9228,83.32,83.32
2020-06-05,82.6528,85.2681,82.6528,83.389
2020-06-08,84.3131,85.426,82.91,85.426
2020-06-09,86.57,86.9023,85.2305,86.3739
2020-06-10,91.081,91.081,88.45,88.45
2020-06-11,88.137,88.978,85.353,85.353
2020-06-12,87.88,89.09,84.6281,84.8
2020-06-15,85.2644,89.43,83.366,86.5217
2020-06-16,90.051,90.051,88.27,89.72
2020-06-17,90.3298,92.27,90.3298,91.0438
2020-06-18,91.8685,91.8685,88.5059,88.5059
2020-06-19,91.5982,93.49,89.4815,90.06
2020-06-22,90.95,94.0371,90.6438,94.0371
2020-06-23,95.0,95.0,91.8747,91.8747
2020-06-24,94.36,95.9653,89.86,94.419
2020-06-25,90.925,94.48,89.8393,93.51
2020-06-26,94.1579,94.91,89.726,90.6794
2020-06-29,89.984,94.616,89.33,93.447
2020-06-30,92.78,94.8,92.78,94.8
2020-07-01,92.35,95.88,92.35,94.487
2020-07-02,95.1977,95.1977,94.9567,94.9567
2020-07-06,93.1,96.6381,93.1,95.8208
2020-07-07,97.7757,97.7757,93.2225,94.5853
2020-07-08,96.72,98.1326,95.9,98.1326
2020-07-09,100.542,100.542,95.4191,98.2468
2020-07-10,95.537,99.1544,95.537,98.58
2020-07-13,98.227,104.284,95.9275,95.9275
2020-07-14,96.44,100.401,94.9656,98.7019
2020-07-15,102.86,104.1049,97.18,101.918
2020-07-16,97.9239,100.819,97.9239,100.819
2020-07-17,97.908,97.908,96.3654,96.3654
2020-07-20,97.195,102.7,97.195,101.2763
2020-07-21,100.1601,101.0,97.689,101.0
2020-07-22,98.512,102.36,98.2948,99.9156
2020-07-23,100.6827,100.6827,92.3271,94.996
2020-07-24,93.3314,96.8,91.579,96.8
2020-07-27,94.05,96.25,94.05,96.25
2020-07-28,97.5544,97.5544,96.7357,96.7357
2020-07-29,95.15,97.69,95.15,97.0
2020-07-30,97.3463,100.1974,95.9977,97.61
2020-07-31,104.177,110.936,104.177,109.01
2020-08-03,108.4,114.673,108.4,110.243
2020-08-04,110.593,113.654,110.593,113.654
2020-08-05,110.446,114.492,110.446,114.492
2020-08-06,114.383,117.393,114.269,117.275
2020-08-07,113.233,113.977,111.608,111.608
2020-08-10,113.6,119.317,113.6,117.475
2020-08-11,112.728,112.728,109.924,110.117
2020-08-12,115.288,117.43,112.223,117.43
2020-08-13,118.94,119.476,116.802,118.29
2020-08-14,115.696,119.0,115.696,115.976
2020-08-17,116.5,118.825,115.58,115.58
2020-08-18,117.124,118.0,116.871,116.871
2020-08-19,120.094,121.503,116.4,116.4
2020-08-20,121.34,123.142,117.952,123.142
2020-08-21,123.036,129.78,123.036,129.78
2020-08-24,130.694,130.978,128.5,130.978
2020-08-25,130.229,130.229,128.361,129.802
2020-08-26,129.829,132.341,129.062,129.062
2020-08-27,129.416,130.94,125.021,130.94
2020-08-28,132.305,132.305,126.099,126.099
2020-08-31,130.32,132.34,127.0,132.34
2020-09-01,135.74,140.44,134.12,140.44
2020-09-02,142.86,142.86,131.0,132.0
2020-09-03,129.43,129.73,120.6,124.73
2020-09-04,122.37,127.1,114.84,125.2
2020-09-08,114.75,124.13,114.75,115.37
2020-09-09,122.46,124.33,120.9,121.31
2020-09-10,125.34,125.34,114.3,117.68
2020-09-11,120.05,120.05,112.0,117.0
2020-09-14,119.79,121.16,113.8,117.543
2020-09-15,121.23,123.618,114.72,116.58
2020-09-16,115.39,120.0,115.39,117.66
2020-09-17,111.39,113.4,109.22,112.58
2020-09-18,115.3,115.3,107.0,111.52
2020-09-21,109.67,113.28,107.9,113.28
2020-09-22,112.87,113.82,110.11,113.82
2020-09-23,115.62,116.75,109.15,109.15
2020-09-24,106.24,114.93,105.0,111.06
2020-09-25,110.83,113.77,108.01,113.0
2020-09-28,118.56,118.56,115.09,116.82
2020-09-29,118.17,118.95,115.78,118.95
2020-09-30,117.05,118.24,116.16,118.24
2020-10-01,118.64,122.26,115.9,120.32
2020-10-02,113.67,116.55,113.48,114.16
2020-10-05,115.52,117.3,115.24,117.3
2020-10-06,119.5,119.5,116.24,117.84
2020-10-07,116.91,118.88,116.91,118.88
2020-10-08,118.29,120.68,116.54,120.68
2020-10-09,120.83,120.83,116.71,117.4
2020-10-12,125.49,130.99,120.839,128.6
2020-10-13,130.59,130.59,124.61,125.1
2020-10-14,125.0,128.49,121.4,121.4
2020-10-15,123.73,125.1,123.62,124.41
2020-10-16,127.29,127.29,121.16,121.36
2020-10-19,120.25,122.706,118.08,118.08
2020-10-20,119.4,123.24,116.92,122.28
2020-10-21,117.21,123.529,117.21,117.73
2020-10-22,119.22,120.18,116.79,116.79
2020-10-23,119.03,121.57,115.29,116.34
2020-10-26,117.57,120.07,115.65,120.07
2020-10-27,119.13,119.6,116.34,119.6
2020-10-28,116.67,117.53,113.8,113.8
2020-10-29,117.34,121.6,115.2,120.12
2020-10-30,112.24,116.77,109.89,113.08
2020-11-02,110.54,112.65,108.02,111.68
2020-11-03,111.07,114.16,110.61,110.61
2020-11-04,116.7,120.38,114.56,120.38
2020-11-05,119.01,122.38,119.01,122.38
2020-11-06,121.98,121.98,117.22,119.89
2020-11-09,124.0,126.02,120.33,120.33
2020-11-10,117.63,119.77,117.63,119.77
2020-11-11,119.0,125.39,118.95,125.39
2020-11-12,122.19,125.35,122.19,124.9
2020-11-13,122.74,125.463,120.56,124.55
2020-11-16,122.05,122.671,121.5,121.5
2020-11-17,119.99,125.8,119.28,124.22
2020-11-18,119.21,123.0,118.74,118.74
2020-11-19,118.32,123.81,118.32,119.78
2020-11-20,121.33,122.54,119.16,119.16
2020-11-23,122.07,122.07,115.38,117.24
2020-11-24,118.22,118.22,113.21,117.25
2020-11-25,117.58,120.56,117.15,118.58
2020-11-27,122.01,122.01,117.42,121.6
2020-11-30,121.89,124.01,120.18,123.19
2020-12-01,126.08,127.705,122.75,126.25
2020-12-02,124.8,125.69,122.79,125.56
2020-12-03,124.57,126.64,124.13,124.13
2020-12-04,128.3,128.3,122.44,126.7
2020-12-07,123.08,127.15,123.08,127.15
2020-12-08,125.1,129.05,125.1,129.05
2020-12-09,129.11,129.11,124.0,127.49
2020-12-10,125.3,127.1,120.3,126.78
2020-12-11,123.02,127.91,122.3,125.04
2020-12-14,126.0,127.05,122.98,122.98
2020-12-15,126.2,132.8,126.2,128.72
2020-12-16,133.68,133.68,127.53,133.35
2020-12-17,132.3,135.21,131.878,132.4
2020-12-18,135.1,135.1,127.05,132.114
2020-12-21,125.04,134.52,125.04,134.3
2020-12-22,133.56,136.848,133.56,136.78
2020-12-23,134.81,138.98,132.67,132.67
2020-12-24,132.16,134.39,131.5,132.14
2020-12-28,138.5,140.17,135.47,138.06
2020-12-29,143.99,143.99,136.658,139.56
2020-12-30,139.59,139.59,135.09,135.09
2020-12-31,140.5,140.5,135.03,137.24
2021-01-04,139.48,139.48,130.22,134.43
2021-01-05,135.17,136.38,130.68,136.38
2021-01-06,129.23,133.47,126.643,129.5
2021-01-07,129.29,137.0,129.29,137.0
2021-01-08,137.11,139.11,131.53,136.37
2021-01-11,134.08,135.02,130.2,133.49
2021-01-12,128.8,130.5,128.8,130.4
2021-01-13,132.38,135.21,132.38,135.21
2021-01-14,136.0,136.0,132.28,132.28
2021-01-15,131.54,132.143,128.0,128.32
2021-01-19,129.45,132.413,129.45,131.17
2021-01-20,129.75,135.01,129.75,132.5
2021-01-21,134.8,142.29,134.8,142.29
2021-01-22,142.66,145.83,136.52,145.83
2021-01-25,144.28,148.89,142.48,147.04
2021-01-26,144.0,149.5,143.63,147.35
2021-01-27,146.52,147.4,145.5,145.5
2021-01-28,145.79,145.79,138.85,138.85
2021-01-29,140.68,140.68,134.5,134.5
2021-02-01,139.33,139.33,131.79,134.56
2021-02-02,137.34,140.85,135.74,140.85
2021-02-03,141.79,141.79,137.64,137.64
2021-02-04,139.3,143.0,136.08,143.0
2021-02-05,137.7,142.27,137.7,142.27
2021-02-08,142.13,142.13,135.64,141.76
2021-02-09,141.65,141.65,136.88,136.88
2021-02-10,138.65,139.71,138.1,139.35
2021-02-11,136.0,142.36,136.0,137.23
2021-02-12,139.58,141.69,136.86,141.69
2021-02-16,138.04,139.72,138.04,139.72
2021-02-17,137.64,137.64,131.86,131.86
2021-02-18,134.3,136.29,130.59,134.26
2021-02-19,135.61,135.8,133.2,133.8
2021-02-22,129.07,132.58,126.9,131.0
2021-02-23,127.35,131.7,118.51,131.24
2021-02-24,125.45,130.73,125.45,130.73
2021-02-25,125.0,126.617,121.33,121.33
2021-02-26,127.96,129.87,124.0,126.47
2021-03-01,124.7,133.9,124.7,133.9
2021-03-02,131.28,134.55,127.79,128.78
2021-03-03,127.5,127.5,125.17,125.17
2021-03-04,127.49,127.49,118.81,121.93
2021-03-05,125.1,126.42,118.92,126.42
2021-03-08,121.59,121.59,117.1,117.1
2021-03-09,124.62,126.4,122.37,122.652
2021-03-10,125.52,125.52,120.11,123.16
2021-03-11,124.61,127.91,122.89,126.8
2021-03-12,122.9,126.4,122.9,125.59
2021-03-15,126.0,129.0,123.55,128.72
2021-03-16,126.0,131.09,126.0,131.09
2021-03-17,129.74,130.96,127.171,129.39
2021-03-18,128.36,128.65,120.67,120.67
2021-03-19,123.8,124.73,121.198,123.29
2021-03-22,123.08,126.05,123.08,123.77
2021-03-23,125.63,126.28,124.91,126.28
2021-03-24,127.08,127.08,120.601,122.04
2021-03-25,120.45,125.9,120.0,124.16
2021-03-26,123.57,125.24,122.07,125.24
2021-03-29,123.15,127.75,122.1,125.83
2021-03-30,121.84,123.215,120.3,120.3
2021-03-31,121.87,128.84,121.87,125.93
2021-04-01,126.4,128.24,125.0,125.0
2021-04-05,127.58,128.74,127.58,127.8
2021-04-06,132.4,132.4,128.13,128.13
2021-04-07,127.25,131.97,127.25,128.6
2021-04-08,133.76,135.66,133.76,135.66
2021-04-09,130.2,138.79,130.2,136.575
2021-04-12,138.6,138.6,131.1,133.45
2021-04-13,134.31,137.21,134.31,137.21
2021-04-14,136.14,136.93,134.578,136.93
2021-04-15,135.31,137.4,134.81,137.4
2021-04-16,138.0,138.0,135.27,135.27
2021-04-19,138.48,138.48,135.7,138.35
2021-04-20,139.33,139.33,132.33,133.22
2021-04-21,136.35,136.7,134.8,136.6
2021-04-22,136.45,139.37,135.81,135.81
2021-04-23,132.79,138.43,132.79,138.43
2021-04-26,137.44,141.5,135.64,135.64
2021-04-27,139.28,140.63,139.28,140.17
2021-04-28,137.96,139.46,135.26,135.26
2021-04-29,138.27,141.52,132.98,138.27
2021-04-30,133.32,137.25,133.32,137.25
2021-05-03,134.12,136.26,134.12,134.84
2021-05-04,132.88,133.41,127.9,127.94
2021-05-05,129.6,132.99,129.1,129.1
2021-05-06,132.72,132.72,129.0,132.24
2021-05-07,135.12,135.12,134.904,135.07
2021-05-10,133.63,133.63,127.02,127.02
2021-05-11,125.6,132.47,125.39,130.85
2021-05-12,124.0,127.95,123.46,123.46
2021-05-13,126.75,132.37,125.55,125.55
2021-05-14,131.88,131.88,130.15,130.15
2021-05-17,131.72,131.72,126.18,130.95
2021-05-18,132.85,132.85,125.67,125.67
2021-05-19,127.21,127.21,126.46,126.51
2021-05-20,130.4,134.07,126.5,131.43
2021-05-21,129.86,132.0,126.08,126.08
2021-05-24,126.71,130.59,126.71,129.0
2021-05-25,128.55,132.72,127.3,127.3
2021-05-26,133.09,133.09,128.6,128.87
2021-05-27,128.53,131.85,127.63,127.66
2021-05-28,129.56,129.88,129.5,129.5
2021-06-01,125.38,129.57,125.38,126.02
2021-06-02,127.07,130.43,127.07,127.92
2021-06-03,128.53,128.53,124.0,124.0
2021-06-04,128.54,129.96,127.11,129.96
2021-06-07,126.93,129.82,126.93,127.1
2021-06-08,131.0,131.0,127.19,127.19
2021-06-09,128.17,132.5,128.17,129.88
2021-06-10,131.42,132.43,126.07,127.5
2021-06-11,129.31,133.35,129.31,129.7
2021-06-14,133.44,135.85,131.35,135.62
2021-06-15,130.16,135.5,130.16,133.32
2021-06-16,136.59,136.59,130.897,135.17
2021-06-17,134.1,137.14,134.01,137.14
2021-06-18,136.03,136.03,132.57,132.57
2021-06-21,134.9,138.48,130.44,135.7
2021-06-22,134.17,138.83,132.32,138.83
2021-06-23,139.52,139.52,133.63,136.8
2021-06-24,139.95,139.95,133.14,134.16
2021-06-25,140.01,140.01,135.56,135.56
2021-06-28,138.69,139.93,135.72,139.93
2021-06-29,137.3,140.15,134.54,140.15
2021-06-30,141.83,141.83,137.24,140.91
2021-07-01,139.2,143.37,137.4,142.12
2021-07-02,139.8,143.575,139.8,140.74
2021-07-06,140.44,144.77,140.44,144.77
2021-07-07,143.559,149.44,143.559,146.55
2021-07-08,142.42,148.81,142.42,147.77
2021-07-09,144.23,149.81,144.23,149.81
2021-07-12,151.42,151.42,144.5,144.5
2021-07-13,148.84,149.66,148.12,149.26
2021-07-14,151.3,153.51,150.95,153.51
2021-07-15,149.82,155.0,149.82,153.85
2021-07-16,149.06,152.31,149.06,150.38
2021-07-19,145.16,149.45,143.45,149.45
2021-07-20,148.1,153.5,144.03,149.35
2021-07-21,147.33,151.48,147.33,148.4
2021-07-22,150.408,151.03,147.3,147.3
2021-07-23,153.48,155.954,147.01,151.94
2021-07-26,152.41,152.41,149.9,150.69
2021-07-27,152.77,154.31,147.09,147.09
2021-07-28,145.39,148.11,145.39,148.11
2021-07-29,145.567,151.32,145.567,151.32
2021-07-30,148.59,151.92,147.05,147.05
2021-08-02,147.8,149.74,145.79,145.79
2021-08-03,152.19,152.19,148.21,148.21
2021-08-04,154.32,154.32,147.06,151.93
2021-08-05,149.75,154.44,149.75,152.29
2021-08-06,147.07,150.63,146.2,146.2
2021-08-09,152.9,152.9,145.83,150.91
2021-08-10,152.57,152.57,148.1,148.1
2021-08-11,151.63,152.57,149.53,151.63
2021-08-12,148.09,155.81,147.99,151.52
2021-08-13,150.43,155.834,150.43,155.6
2021-08-16,154.037,154.037,149.05,151.57
2021-08-17,157.53,157.69,156.25,156.77
2021-08-18,150.0,151.47,149.74,149.74
2021-08-19,151.45,151.45,147.6,150.7
2021-08-20,151.63,153.99,150.96,150.96
2021-08-23,154.9,157.64,153.03,154.96
2021-08-24,150.24,158.08,150.24,151.38
2021-08-25,153.65,153.65,151.9,153.58
2021-08-26,154.93,154.93,149.04,153.17
2021-08-27,154.48,154.48,152.1,152.1
2021-08-30,153.0,160.15,150.81,160.15
2021-08-31,159.79,159.79,154.46,155.32
2021-09-01,155.12,158.98,154.0,154.0
2021-09-02,154.88,159.94,154.88,159.94
2021-09-03,158.99,159.6,153.91,157.7
2021-09-07,158.96,164.64,158.82,158.82
2021-09-08,158.14,164.82,157.674,158.14
2021-09-09,160.58,161.17,156.6,159.06
2021-09-10,161.0,161.0,154.17,154.17
2021-09-13,152.3,154.99,152.3,154.99
2021-09-14,152.39,155.37,147.93,155.37
2021-09-15,151.82,156.69,147.95,154.13
2021-09-16,152.22,155.49,150.707,155.49
2021-09-17,149.33,150.71,146.84,149.88
2021-09-20,150.3,150.3,146.66,147.56
2021-09-21,146.99,150.2,144.4,144.4
2021-09-22,149.86,152.21,149.7,152.21
2021-09-23,151.29,154.27,146.81,149.95
2021-09-24,150.64,152.78,150.64,152.78
2021-09-27,150.47,150.47,148.19,149.68
2021-09-28,147.12,148.78,144.93,148.78
2021-09-29,146.65,148.3,146.35,146.35
2021-09-30,149.76,149.76,147.99,148.6
2021-10-01,142.1,148.19,142.1,148.19
2021-10-04,148.39,148.39,142.86,142.86
2021-10-05,144.6,148.69,140.49,142.79
2021-10-06,144.47,145.8,139.69,143.0
2021-10-07,146.99,151.267,142.99,145.73
2021-10-08,146.98,150.75,143.2,143.2
2021-10-11,148.39,150.97,143.1,146.55
2021-10-12,147.4,149.63,145.63,146.53
2021-10-13,145.372,147.2,141.2,144.39
2021-10-14,146.45,150.68,146.45,148.36
2021-10-15,145.78,151.912,145.78,149.02
2021-10-18,146.681,153.75,146.681,152.03
2021-10-19,153.32,153.32,148.93,153.01
2021-10-20,155.4,155.4,153.35,154.2
2021-10-21,153.41,156.43,151.32,154.9
2021-10-22,150.2,153.38,149.23,150.33
2021-10-25,155.3,155.3,149.31,149.31
2021-10-26,149.34,155.08,149.34,150.65
2021-10-27,151.19,154.53,150.38,150.38
2021-10-28,156.4,159.62,151.05,159.62
2021-10-29,149.85,155.5,146.859,155.5
2021-11-01,154.95,156.0,151.7,153.05
2021-11-02,149.8,157.23,148.67,157.23
2021-11-03,154.41,159.07,152.34,154.64
2021-11-04,153.46,159.44,152.25,154.74
2021-11-05,157.43,158.4,153.01,154.04
2021-11-08,154.22,158.7,154.22,156.13
2021-11-09,155.6,155.6,151.75,154.57
2021-11-10,152.92,155.34,150.49,152.4
2021-11-11,150.99,155.02,150.99,152.89
2021-11-12,148.74,153.94,148.74,153.4
2021-11-15,156.53,156.53,152.0,152.0
2021-11-16,155.8,155.8,151.72,153.0
2021-11-17,154.319,155.94,152.49,155.94
2021-11-18,161.01,162.99,159.53,159.53
2021-11-19,158.68,167.49,158.68,167.49
2021-11-22,162.59,170.8,162.59,165.64
2021-11-23,163.37,165.7,161.42,162.18
2021-11-24,160.98,168.66,160.98,168.66
2021-11-26,159.571,162.38,158.54,161.33
2021-11-29,162.07,163.12,162.07,162.59
2021-11-30,163.964,168.69,162.54,167.9
2021-12-01,172.68,176.7,166.55,170.58
2021-12-02,159.236,170.31,157.8,170.31
2021-12-03,165.91,166.81,160.38,165.88
2021-12-06,167.78,169.46,164.94,169.46
2021-12-07,173.92,180.05,172.12,175.95
2021-12-08,179.979,184.63,176.0,177.07
2021-12-09,175.3,178.41,175.03,178.41
2021-12-10,179.389,184.99,179.389,181.48
2021-12-13,190.098,190.098,176.8,176.8
2021-12-14,183.43,183.43,174.54,182.89
2021-12-15,175.58,187.6,175.58,179.5
2021-12-16,183.66,189.19,177.25,177.25
2021-12-17,174.58,178.11,174.58,178.11
2021-12-20,176.64,176.64,170.6,175.46
2021-12-21,172.652,180.66,172.652,180.66
2021-12-22,181.34,181.34,179.0,179.0
2021-12-23,177.93,184.04,177.93,184.04
2021-12-27,181.831,186.92,181.831,186.87
2021-12-28,188.24,188.24,185.28,185.28
2021-12-29,185.05,186.63,182.21,182.21
2021-12-30,182.89,185.87,182.1,182.1
2021-12-31,178.253,182.89,178.253,182.89
2022-01-03,186.22,189.68,182.63,185.42
2022-01-04,185.3,190.62,185.3,187.4
2022-01-05,187.11,187.78,176.54,182.18
2022-01-06,173.3,182.2,172.0,172.0
2022-01-07,176.76,182.74,176.76,177.46
2022-01-10,171.42,176.4,171.42,173.32
2022-01-11,175.16,180.14,171.75,178.71
2022-01-12,178.98,181.55,175.45,181.55
2022-01-13,179.04,184.69,176.55,176.55
2022-01-14,179.68,181.9,176.29,180.12
2022-01-18,172.99,178.2,172.99,178.2
2022-01-19,178.0,178.35,171.0,174.0
2022-01-20,168.1,171.51,165.34,169.39
2022-01-21,171.325,171.49,164.33,164.33
2022-01-24,162.67,168.43,157.9,168.43
2022-01-25,159.67,169.92,159.67,161.52
2022-01-26,167.2,167.2,159.69,161.53
2022-01-27,169.43,169.43,159.47,159.47
2022-01-28,165.79,176.25,163.5,176.02
2022-01-31,176.03,182.0,169.98,180.76
2022-02-01,175.36,176.79,172.7,176.79
2022-02-02,175.339,176.59,175.339,176.28
2022-02-03,179.36,179.36,173.01,176.8
2022-02-04,174.33,178.03,174.33,178.03
2022-02-07,181.47,181.47,177.53,180.16
2022-02-08,178.18,181.54,174.26,181.54
2022-02-09,177.2,182.77,176.3,178.16
2022-02-10,179.7,179.75,175.31,175.31
2022-02-11,173.12,177.62,170.77,170.77
2022-02-14,175.0,176.49,168.09,176.49
2022-02-15,172.21,181.41,172.21,174.21
2022-02-16,176.2,176.2,173.34,173.84
2022-02-17,173.16,178.51,171.33,175.48
2022-02-18,177.21,177.21,170.14,171.4
2022-02-22,168.27,174.2,165.68,165.68
2022-02-23,168.59,168.59,162.26,165.57
2022-02-24,157.43,165.25,157.0,165.25
2022-02-25,164.46,171.25,164.46,165.26
2022-02-28,165.21,167.23,164.52,166.1
2022-03-01,167.817,170.2,167.817,170.2
2022-03-02,166.86,171.94,166.59,171.94
2022-03-03,172.09,176.0,171.2,171.2
2022-03-04,169.27,173.62,165.1,169.41
2022-03-07,168.82,171.97,163.4,163.4
2022-03-08,165.25,168.37,157.53,157.53
2022-03-09,167.541,170.43,161.79,170.43
2022-03-10,164.7,166.24,159.34,159.73
2022-03-11,160.27,161.66,157.0,158.16
2022-03-14,156.9,159.28,151.27,151.27
2022-03-15,157.5,158.61,154.3,158.43
2022-03-16,163.28,164.0,160.32,160.78
2022-03-17,164.52,167.14,164.52,167.14
2022-03-18,163.06,170.72,161.59,170.72
2022-03-21,165.22,169.382,165.22,167.67
2022-03-22,171.61,177.87,171.61,174.86
2022-03-23,172.33,179.23,171.41,174.24
2022-03-24,178.29,181.28,171.78,179.06
2022-03-25,181.47,183.6,177.36,177.93
2022-03-28,176.72,178.4,176.72,178.4
2022-03-29,180.9,183.92,179.79,183.92
2022-03-30,184.6,184.6,179.1,179.1
2022-03-31,184.09,184.09,176.5,176.5
2022-04-01,177.02,178.57,173.67,178.57
2022-04-04,180.71,182.13,176.78,182.13
2022-04-05,185.1,185.1,176.657,183.33
2022-04-06,174.46,178.37,174.46,178.37
2022-04-07,176.31,179.61,176.31,179.61
2022-04-08,173.32,173.46,172.37,172.37
2022-04-11,174.35,174.35,167.32,167.32
2022-04-12,173.56,176.46,168.06,174.32
2022-04-13,172.55,175.9,170.07,175.9
2022-04-14,176.86,176.86,165.28,167.19
2022-04-18,171.13,172.315,164.98,170.69
2022-04-19,172.82,172.82,170.2,170.2
2022-04-20,176.74,176.74,172.71,172.71
2022-04-21,170.85,179.17,170.85,172.77
2022-04-22,169.62,174.06,168.3,168.43
2022-04-25,167.37,167.37,161.78,166.1
2022-04-26,164.62,164.67,157.5,157.5
2022-04-27,160.27,162.04,158.25,162.04
2022-04-28,161.6,167.9,161.6,167.9
2022-04-29,162.99,171.0,158.24,163.13
2022-05-02,162.17,165.16,159.24,165.16
2022-05-03,162.87,168.24,162.87,165.75
2022-05-04,166.16,170.81,161.13,168.3
2022-05-05,170.6,170.6,157.68,157.68
2022-05-06,160.56,161.46,157.64,157.64
2022-05-09,155.487,158.72,153.12,156.91
2022-05-10,158.45,159.44,155.82,159.44
2022-05-11,155.1,163.09,151.24,151.9
2022-05-12,148.89,148.89,143.5,147.22
2022-05-13,145.92,152.31,145.92,152.31
2022-05-16,148.26,150.56,148.26,150.56
2022-05-17,151.46,156.39,148.61,151.93
2022-05-18,151.06,154.67,145.2,145.4
2022-05-19,141.34,148.37,138.08,138.08
2022-05-20,144.64,144.64,133.17,139.65
2022-05-23,139.47,150.25,139.47,148.84
2022-05-24,146.776,146.776,141.07,146.28
2022-05-25,144.77,147.726,143.58,143.58
2022-05-26,142.24,147.41,140.11,146.22
2022-05-27,152.59,155.47,149.7,155.47
2022-05-31,151.49,155.57,147.7,154.2
2022-06-01,155.0,155.0,149.3,149.3
2022-06-02,154.78,158.1,153.05,153.09
2022-06-03,153.9,153.9,144.61,151.03
2022-06-06,149.67,151.05,145.3,151.05
2022-06-07,150.326,155.17,144.4,155.17
2022-06-08,150.05,154.43,149.16,149.16
2022-06-09,151.96,152.67,147.99,148.59
2022-06-10,140.69,141.7,139.53,141.7
2022-06-13,139.24,139.24,134.35,138.14
2022-06-14,137.75,137.75,134.26,134.32
2022-06-15,138.2,139.12,135.46,135.48
2022-06-16,133.27,138.28,133.07,135.03
2022-06-17,132.91,137.471,132.91,136.03
2022-06-21,136.18,143.25,135.32,142.2
2022-06-22,139.74,140.49,136.36,137.97
2022-06-23,140.56,143.9,137.03,141.07
2022-06-24,139.9,146.66,139.9,145.24
2022-06-27,145.572,148.04,144.817,148.04
2022-06-28,148.35,150.223,139.59,139.59
2022-06-29,143.71,147.19,143.18,144.36
2022-06-30,143.68,144.31,133.933,138.17
2022-07-01,137.97,145.33,137.46,145.33
2022-07-05,143.71,148.16,142.99,148.16
2022-07-06,147.607,147.607,142.85,147.36
2022-07-07,149.62,151.61,149.14,151.61
2022-07-08,150.584,154.07,150.0,154.07
2022-07-11,151.88,151.88,144.76,150.76
2022-07-12,146.65,154.32,146.22,152.3
2022-07-13,145.67,147.98,143.11,147.05
2022-07-14,148.16,152.44,143.58,148.7
2022-07-15,151.84,156.76,151.84,156.76
2022-07-18,157.83,157.83,149.7,153.48
2022-07-19,149.32,152.0,149.32,152.0
2022-07-20,152.85,156.64,151.35,155.21
2022-07-21,159.4,161.9,152.81,161.9
2022-07-22,156.19,162.43,156.19,159.4
2022-07-25,156.21,159.64,152.35,157.55
2022-07-26,155.033,159.235,151.1,154.8
2022-07-27,154.96,164.67,154.96,164.03
2022-07-28,159.54,164.58,157.59,164.58
2022-07-29,167.97,170.47,162.2,170.47
2022-08-01,167.76,167.89,165.38,165.38
2022-08-02,166.2,166.32,159.94,161.05
2022-08-03,162.36,172.89,162.36,172.89
2022-08-04,170.452,171.87,166.29,171.87
2022-08-05,169.95,173.05,165.93,165.93
2022-08-08,171.2,171.2,165.6,170.16
2022-08-09,166.68,172.11,164.19,172.11
2022-08-10,169.05,174.78,169.05,174.78
2022-08-11,176.23,178.67,173.46,173.46
2022-08-12,174.67,180.2,170.7,180.2
2022-08-15,178.93,178.93,175.77,175.77
2022-08-16,174.27,179.142,174.27,177.69
2022-08-17,179.29,183.1,176.27,183.1
2022-08-18,180.48,180.48,173.43,177.31
2022-08-19,175.24,178.66,174.19,176.38
2022-08-22,175.62,175.62,170.153,171.97
2022-08-23,167.49,176.47,167.38,167.38
2022-08-24,169.84,173.02,167.942,170.06
2022-08-25,171.72,177.23,170.09,177.23
2022-08-26,175.58,177.55,165.34,165.34
2022-08-29,168.299,169.9,162.06,168.18
2022-08-30,163.22,170.52,163.12,163.63
2022-08-31,165.221,167.85,159.57,159.57
2022-09-01,162.35,165.32,155.7,165.32
2022-09-02,162.28,163.29,158.253,159.24
2022-09-06,158.61,161.64,158.61,160.1
2022-09-07,157.061,161.18,156.16,156.16
2022-09-08,158.78,161.24,158.78,159.18
2022-09-09,160.8,163.78,158.71,163.78
2022-09-12,166.62,168.35,161.9,167.1
2022-09-13,165.9,165.9,154.77,154.77
2022-09-14,156.138,161.044,156.138,157.55
2022-09-15,161.45,161.45,153.56,156.09
2022-09-16,155.7,158.5,149.07,152.6
2022-09-19,156.33,156.84,150.4,154.55
2022-09-20,158.7,160.25,157.1,157.1
2022-09-21,163.21,163.21,154.4,156.18
2022-09-22,158.26,160.19,152.43,157.96
2022-09-23,154.54,157.26,150.51,154.25
2022-09-26,152.06,157.74,152.06,155.61
2022-09-27,156.79,159.11,153.355,155.72
2022-09-28,153.57,153.89,150.14,150.14
2022-09-29,151.8,151.8,143.55,143.55
2022-09-30,144.75,148.2,138.0,143.0
2022-10-03,143.97,144.37,139.444,142.91
2022-10-04,151.64,152.88,148.7,148.7
2022-10-05,150.448,150.448,146.6,146.6
2022-10-06,152.87,153.88,150.46,150.5
2022-10-07,145.15,150.1,140.588,146.44
2022-10-10,146.51,146.51,139.896,145.98
2022-10-11,140.5,146.67,140.5,145.7
2022-10-12,142.09,144.13,140.33,144.13
2022-10-13,141.54,149.78,139.09,143.75
2022-10-14,151.2,151.2,140.25,142.16
2022-10-17,146.461,146.461,143.08,143.81
2022-10-18,148.28,148.8,146.56,147.42
2022-10-19,145.4,149.435,142.2,145.29
2022-10-20,143.27,147.84,143.27,144.59
2022-10-21,143.1,153.062,143.1,152.23
2022-10-24,152.763,155.73,150.21,150.21
2022-10-25,155.75,156.26,149.74,153.11
2022-10-26,156.28,156.28,150.54,150.73
2022-10-27,149.92,153.276,147.1,147.1
2022-10-28,152.1,163.01,148.39,163.01
2022-10-31,158.846,159.68,155.18,156.83
2022-11-01,157.91,157.91,150.33,150.94
2022-11-02,152.788,153.26,147.0,147.72
2022-11-03,145.65,145.65,138.77,141.4
2022-11-04,144.86,144.86,139.83,143.94
2022-11-07,139.33,144.806,139.33,143.72
2022-11-08,144.46,145.14,138.81,139.7
2022-11-09,142.9,142.9,137.37,137.37
2022-11-10,142.08,153.83,139.7,148.23
2022-11-11,148.33,156.2,148.33,156.2
2022-11-14,149.35,155.61,149.35,155.61
2022-11-15,159.636,159.66,149.554,151.8
2022-11-16,149.54,153.33,149.54,150.36
2022-11-17,146.86,158.92,146.86,153.44
2022-11-18,158.035,158.035,153.99,155.71
2022-11-21,157.48,157.48,150.47,150.47
2022-11-22,150.9,154.41,150.9,151.04
2022-11-23,153.0,153.89,151.49,151.49
2022-11-25,150.048,156.15,150.048,151.71
2022-11-28,150.96,150.96,146.71,147.34
2022-11-29,146.12,149.41,144.713,147.23
2022-11-30,148.339,154.28,140.73,154.28
2022-12-01,153.9,153.9,150.79,151.06
2022-12-02,147.85,154.46,147.26,154.46
2022-12-05,152.14,156.3,150.47,150.88
2022-12-06,149.68,151.1,146.93,146.93
2022-12-07,146.93,146.93,143.47,143.47
2022-12-08,144.58,149.64,142.3,149.39
2022-12-09,148.92,152.01,143.22,143.22
2022-12-12,147.9,151.5,141.44,146.8
2022-12-13,154.1,155.242,146.41,150.09
2022-12-14,146.58,152.466,146.16,146.16
2022-12-15,146.56,146.56,139.7,139.7
2022-12-16,143.087,143.087,135.47,135.47
2022-12-19,140.35,141.2,133.52,133.52
2022-12-20,136.46,138.8,133.7,138.8
2022-12-21,133.64,141.4,133.64,141.4
2022-12-22,134.77,139.71,133.78,133.78
2022-12-23,135.34,136.324,130.45,135.71
2022-12-27,132.58,135.87,130.8,130.8
2022-12-28,134.82,136.923,126.44,131.11
2022-12-29,134.34,136.722,130.5,132.86
2022-12-30,128.92,135.42,128.92,134.02
2023-01-03,131.37,132.0,127.99,129.28
2023-01-04,131.77,131.77,129.66,131.72
2023-01-05,129.4,132.47,126.86,129.56
2023-01-06,128.31,134.56,125.2,134.56
2023-01-09,134.129,135.31,132.27,135.31
2023-01-10,136.37,137.243,130.67,131.22
2023-01-11,135.69,139.11,130.83,139.11
2023-01-12,140.51,140.51,135.56,136.91
2023-01-13,136.87,138.85,135.55,135.55
2023-01-17,136.01,138.93,136.01,138.58
2023-01-18,142.583,142.583,137.75,137.75
2023-01-19,137.13,139.71,134.34,139.22
2023-01-20,140.78,143.05,135.33,140.55
2023-01-23,139.27,143.565,138.8,142.73
2023-01-24,146.007,146.43,141.0,145.22
2023-01-25,146.97,149.42,140.74,142.89
2023-01-26,148.31,148.31,144.5,145.58
2023-01-27,149.681,152.44,144.65,147.58
2023-01-30,147.579,151.5,147.0,147.0
2023-01-31,145.6,148.83,145.6,148.83
2023-02-01,148.8,152.81,143.86,145.95
2023-02-02,151.1,158.71,151.1,152.75
2023-02-03,154.92,165.04,151.4,155.8
2023-02-06,152.843,156.5,151.48,153.37
2023-02-07,156.02,156.02,151.57,155.5
2023-02-08,159.45,159.45,153.659,154.43
2023-02-09,160.389,160.389,151.46,152.35
2023-02-10,152.56,157.5,151.84,157.12
2023-02-13,157.902,161.07,155.4,155.4
2023-02-14,157.71,159.41,156.52,157.3
2023-02-15,153.44,163.0,153.44,163.0
2023-02-16,159.09,160.82,158.05,158.05
2023-02-17,153.21,156.0,151.32,153.37
2023-02-21,150.9,157.5,150.9,153.95
2023-02-22,155.53,155.53,150.55,151.44
2023-02-23,157.36,157.36,149.6,149.6
2023-02-24,147.12,152.1548,147.12,149.56
2023-02-27,150.94,156.59,150.94,154.65
2023-02-28,152.15,155.4,151.89,153.35
2023-03-01,153.79,153.79,148.16,150.91
2023-03-02,151.38,152.99,149.2,152.99
2023-03-03,153.029,158.37,151.02,158.37
2023-03-06,156.685,159.0,155.57,157.73
2023-03-07,156.3,157.1,151.42,157.1
2023-03-08,156.5,158.04,155.88,155.88
2023-03-09,157.265,157.265,154.054,157.05
2023-03-10,156.15,156.15,149.8,149.8
2023-03-13,152.596,158.07,152.596,152.74
2023-03-14,153.83,153.83,151.4,153.49
2023-03-15,156.25,158.74,156.25,158.74
2023-03-16,155.71,163.35,153.7,163.35
2023-03-17,156.52,160.0,156.52,160.0
2023-03-20,157.72,163.54,154.78,158.3
2023-03-21,163.05,167.24,163.05,167.24
2023-03-22,161.0,167.56,161.0,162.14
2023-03-23,166.76,168.761,159.39,159.39
2023-03-24,161.23,164.59,161.23,162.77
2023-03-27,162.62,168.1,160.88,160.88
2023-03-28,161.41,164.4,157.54,163.93
2023-03-29,161.35,166.69,161.35,166.69
2023-03-30,165.34,169.87,164.525,169.87
2023-03-31,166.1,172.0,163.67,165.7
2023-04-03,170.26,170.26,165.65,169.1
2023-04-04,172.068,172.068,166.33,167.08
2023-04-05,170.08,170.69,165.38,165.38
2023-04-06,167.55,170.4,163.0,170.4
2023-04-10,163.14,168.51,162.65,167.55
2023-04-11,164.68,166.54,164.68,165.8
2023-04-12,167.4,167.4,161.3,161.3
2023-04-13,162.67,167.52,162.67,167.52
2023-04-14,172.07,174.35,164.27,170.54
2023-04-17,165.39,171.39,165.39,171.39
2023-04-18,166.2,170.47,166.17,170.47
2023-04-19,169.9,173.26,169.9,173.13
2023-04-20,168.52,173.38,167.86,173.38
2023-04-21,168.71,172.3402,168.71,168.91
2023-04-24,165.0,168.18,165.0,168.18
2023-04-25,171.9,171.9,166.59,171.32
2023-04-26,167.34,173.53,164.7,170.85
2023-04-27,172.75,175.41,172.32,174.79
2023-04-28,170.97,176.82,170.97,176.82
2023-05-01,172.39,176.9,171.41,171.41
2023-05-02,174.03,174.03,172.27,172.27
